Comment,Designator,Footprint,LCSC,Quantity
1.8nH,L1,L_0402_1005Metric,C77107,1
100k,"R61,R62",R_0402_1005Metric,C25741,2
100k 1%,R31,R_0402_1005Metric,C25741,1
100nF,"C12,C14,C15,C16,C18,C19,C20,C22,C23,C24,C25,C3,C69,C7,C70,C8",C_0402_1005Metric,C1525,16
10k,"R14,R15,R16,R17,R34,R43,R53,R54,R57,R58,R59,R60,R63,R65,R66,R81,R82,R83,R84,R9",R_0402_1005Metric,C25744,20
10k 1%,R33,R_0402_1005Metric,C25744,1
10uF,"C21,C26,C44,C5,C57,C68,C73",C_0603_1608Metric,C96446,7
10uF LowLeak,C72,C_0603_1608Metric,C96446,1
12pF,"C10,C9",C_0402_1005Metric,C1547,2
1k,"R10,R11,R12,R13,R35,R36,R44",R_0402_1005Metric,C11702,7
1uF,"C11,C13,C17,C39,C4,C55,C56,C6",C_0402_1005Metric,C52923,8
22R,"R32,R5,R6,R69,R7,R8",R_0402_1005Metric,C25092,6
24nH,L3,L_0402_1005Metric,C74301,1
3.3pF,C1,C_0402_1005Metric,C5448815,1
3.9nH,L2,L_0402_1005Metric,C77109,1
4.7pF,C2,C_0402_1005Metric,C1569,1
AMCA31-2R450G-S1F-T3,AE1,AMCA31-2R450G-S1F-T3,C3283994,1
AO3400A,"Q1,Q6,Q7",SOT-23,C20917,3
AO3401A,"Q2,Q4,Q5",SOT-23,C15127,3
B5819W SL,D14,D_SOD-123,C8598,1
BMP581,U3,BMP581,C5362283,1
Blue,D9,LED_0603_1608Metric,C51933294,1
DB125-3.5-3P-GN-S,J3,"TerminalBlock_Phoenix_PT-1,5-3-3.5-H_1x03_P3.50mm_Horizontal",C466971,1
ESP32-C3FH4,U1,QFN-32-1EP_5x5mm_P0.5mm_EP3.45x3.45mm,C2858491,1
GMD0955YB-3V2700,LS1,MagneticBuzzer_PUI_AT-0927-TT-6-R,C252933,1
JK-nSMD050-30,"F2,F3",Fuse_1206_3216Metric,C720075,2
JS202011CQN,SW1,JS202011CQN,C221663,1
LSM6DSV32,U4,LSM6DSO32,C22461202,1
RED,D8,LED_0603_1608Metric,C965799,1
SPX3819M5-L-3-3,U5,SOT-23-5,C9055,1
TP4054-42,U6,SOT-23-5,C32574,1
USB4105-GF-A-12,U2,USB_C_16P_SMD_USB4105-GF-A,C5184243,1
USBLC6-2SC6-ES,U11,SOT-23-6,C5180249,1
WS2812B-2020,"D1,D2,D3,D4",WS2812B-2020,C52917434,4
XRCGB40M000F4M00R0,Y2,Crystal_SMD_2016-4Pin_2.0x1.6mm,C1986027,1
Yellow,D10,LED_0603_1608Metric,C965808,1
