Designator,Val,Package,Mid X,Mid Y,Rotation,Layer
AE1,AMCA31-2R450G-S1F-T3,AMCA31-2R450G-S1F-T3,21.52,-38.613,270.0,bottom
C1,3.3pF,C_0402_1005Metric,21.05,-35.14,0.0,bottom
C10,12pF,C_0402_1005Metric,22.028,-20.55,90.0,bottom
C11,1uF,C_0402_1005Metric,16.15,-30.5,180.0,bottom
C12,100nF,C_0402_1005Metric,20.5,-24.5,180.0,bottom
C13,1uF,C_0402_1005Metric,20.5,-25.25,180.0,bottom
C14,100nF,C_0402_1005Metric,12.8,-28.85,315.0,bottom
C15,100nF,C_0402_1005Metric,11.2,-24.95,270.0,bottom
C16,100nF,C_0402_1005Metric,2.74,-5.286,270.0,bottom
C17,1uF,C_0402_1005Metric,1.978,-5.286,270.0,bottom
C18,100nF,C_0402_1005Metric,7.2,0.25,90.0,bottom
C19,100nF,C_0402_1005Metric,21.9,-23.9,270.0,bottom
C2,4.7pF,C_0402_1005Metric,21.08,-26.59,180.0,bottom
C20,100nF,C_0402_1005Metric,15.97,-43.83,180.0,bottom
C21,10uF,C_0603_1608Metric,5.94,-1.5,90.0,bottom
C22,100nF,C_0402_1005Metric,7.62,-2.67,270.0,bottom
C23,100nF,C_0402_1005Metric,10.298,-3.0355,0.0,bottom
C24,100nF,C_0402_1005Metric,7.12,-43.0,0.0,bottom
C25,100nF,C_0402_1005Metric,3.315,-3.635,0.0,bottom
C26,10uF,C_0603_1608Metric,0.47,-5.61,270.0,bottom
C3,100nF,C_0402_1005Metric,12.6,-22.8,135.0,bottom
C39,1uF,C_0402_1005Metric,12.7,-9.398,90.0,bottom
C4,1uF,C_0402_1005Metric,11.95,-22.15,135.0,bottom
C44,10uF,C_0603_1608Metric,0.87,-17.62,0.0,bottom
C5,10uF,C_0603_1608Metric,19.68,-30.78,180.0,bottom
C55,1uF,C_0402_1005Metric,-1.7,-42.25,180.0,bottom
C56,1uF,C_0402_1005Metric,1.9,-42.25,180.0,bottom
C57,10uF,C_0603_1608Metric,19.58,-6.85,90.0,bottom
C6,1uF,C_0402_1005Metric,19.25,-29.75,180.0,bottom
C68,10uF,C_0603_1608Metric,1.12,-10.44,0.0,bottom
C69,100nF,C_0402_1005Metric,1.04,-16.52,0.0,bottom
C7,100nF,C_0402_1005Metric,19.25,-28.85,180.0,bottom
C70,100nF,C_0402_1005Metric,1.3,-11.51,0.0,bottom
C72,10uF LowLeak,C_0603_1608Metric,7.629,-27.94,180.0,bottom
C73,10uF,C_0603_1608Metric,7.616,-22.86,180.0,bottom
C8,100nF,C_0402_1005Metric,19.75,-27.5,270.0,bottom
C9,12pF,C_0402_1005Metric,18.472,-20.55,90.0,bottom
D1,WS2812B-2020,WS2812B-2020,10.0,-0.5,180.0,top
D10,Yellow,LED_0603_1608Metric,-0.762,-31.496,180.0,top
D14,B5819W SL,D_SOD-123,6.66,-37.94,270.0,bottom
D2,WS2812B-2020,WS2812B-2020,21.750001,-25.0562,90.0,top
D3,WS2812B-2020,WS2812B-2020,12.82,-44.349999,0.0,top
D4,WS2812B-2020,WS2812B-2020,7.07,-44.35,0.0,top
D8,RED,LED_0603_1608Metric,9.6375,-23.4,0.0,top
D9,Blue,LED_0603_1608Metric,-0.762,-18.542,180.0,top
F2,JK-nSMD050-30,Fuse_1206_3216Metric,6.49,-46.45,0.0,bottom
F3,JK-nSMD050-30,Fuse_1206_3216Metric,13.58,-46.45,180.0,bottom
J3,DB125-3.5-3P-GN-S,"TerminalBlock_Phoenix_PT-1,5-3-3.5-H_1x03_P3.50mm_Horizontal",9.97,-49.03,0.0,top
L1,1.8nH,L_0402_1005Metric,21.39,-28.735,90.0,bottom
L2,3.9nH,L_0402_1005Metric,18.75,-27.5,90.0,bottom
L3,24nH,L_0402_1005Metric,20.25,-22.5,315.0,bottom
LS1,GMD0955YB-3V2700,MagneticBuzzer_PUI_AT-0927-TT-6-R,4.93,-37.93,-90.0,top
Q1,AO3400A,SOT-23,9.14,-37.88,180.0,bottom
Q2,AO3401A,SOT-23,-0.9,-44.5,180.0,bottom
Q4,AO3401A,SOT-23,2.575,-44.5,180.0,bottom
Q5,AO3401A,SOT-23,17.145,-6.985,270.0,bottom
Q6,AO3400A,SOT-23,-1.0,-40.0,180.0,bottom
Q7,AO3400A,SOT-23,2.45,-40.0,180.0,bottom
R10,1k,R_0402_1005Metric,19.75,-14.0,180.0,bottom
R11,1k,R_0402_1005Metric,19.75,-15.020731,180.0,bottom
R12,1k,R_0402_1005Metric,19.75,-12.0,180.0,bottom
R13,1k,R_0402_1005Metric,19.75,-13.0,180.0,bottom
R14,10k,R_0402_1005Metric,16.71,-13.0,180.0,bottom
R15,10k,R_0402_1005Metric,16.15,-29.55,0.0,bottom
R16,10k,R_0402_1005Metric,4.85,-7.5,90.0,bottom
R17,10k,R_0402_1005Metric,9.0,1.4,180.0,bottom
R31,100k 1%,R_0402_1005Metric,15.2,-8.1,0.0,bottom
R32,22R,R_0402_1005Metric,13.716,-9.398,270.0,bottom
R33,10k 1%,R_0402_1005Metric,13.208,-8.128,0.0,bottom
R34,10k,R_0402_1005Metric,9.661,-25.402,90.0,bottom
R35,1k,R_0402_1005Metric,-1.55,-17.91,90.0,bottom
R36,1k,R_0402_1005Metric,-1.55,-16.02,90.0,bottom
R43,10k,R_0402_1005Metric,9.14,-35.68,0.0,bottom
R44,1k,R_0402_1005Metric,4.815,-37.875,270.0,bottom
R5,22R,R_0402_1005Metric,15.6,-20.6,180.0,bottom
R53,10k,R_0402_1005Metric,0.1,-42.25,0.0,bottom
R54,10k,R_0402_1005Metric,3.7,-42.25,0.0,bottom
R57,10k,R_0402_1005Metric,-1.0,-37.75,180.0,bottom
R58,10k,R_0402_1005Metric,2.51,-37.8,180.0,bottom
R59,10k,R_0402_1005Metric,9.05,-21.77,180.0,bottom
R6,22R,R_0402_1005Metric,15.6,-19.8,180.0,bottom
R60,10k,R_0402_1005Metric,9.05,-20.85,180.0,bottom
R61,100k,R_0402_1005Metric,9.37,-43.46,270.0,bottom
R62,100k,R_0402_1005Metric,10.75,-43.4558,270.0,bottom
R63,10k,R_0402_1005Metric,9.37,-41.5296,90.0,bottom
R65,10k,R_0402_1005Metric,10.75,-41.53,90.0,bottom
R66,10k,R_0402_1005Metric,20.75,-6.935,90.0,bottom
R69,22R,R_0402_1005Metric,20.75,-5.03,90.0,bottom
R7,22R,R_0402_1005Metric,16.69,-15.0,180.0,bottom
R8,22R,R_0402_1005Metric,16.69,-14.0,180.0,bottom
R81,10k,R_0402_1005Metric,0.93,-22.85,0.0,bottom
R82,10k,R_0402_1005Metric,0.93,-27.23,0.0,bottom
R83,10k,R_0402_1005Metric,0.94,-28.12,0.0,bottom
R84,10k,R_0402_1005Metric,0.93,-21.96,0.0,bottom
R9,10k,R_0402_1005Metric,16.69,-12.0,180.0,bottom
SW1,JS202011CQN,JS202011CQN,8.5,-15.8,90.0,top
U1,ESP32-C3FH4,QFN-32-1EP_5x5mm_P0.5mm_EP3.45x3.45mm,15.6,-25.0,45.0,bottom
U11,USBLC6-2SC6-ES,SOT-23-6,2.69,-25.13,270.0,bottom
U2,USB4105-GF-A-12,USB_C_16P_SMD_USB4105-GF-A,1.865,-25.05,-90.0,top
U3,BMP581,BMP581,4.6,-5.2,270.0,bottom
U4,LSM6DSV32,LSM6DSO32,10.0,-0.8105,0.0,bottom
U5,SPX3819M5-L-3-3,SOT-23-5,0.5625,-14.05,0.0,bottom
U6,TP4054-42,SOT-23-5,7.629,-25.4,0.0,bottom
Y2,XRCGB40M000F4M00R0,Crystal_SMD_2016-4Pin_2.0x1.6mm,20.25,-20.55,180.0,bottom
